City ID,City,Country,Lat,Lng,Max Temp,Humidity,Cloudiness,Wind Speed,Current Description
0,Dikson,RU,73.5069,80.5464,-34.28,80,0,6.85,clear sky
1,Kruisfontein,ZA,-34.0033,24.7314,60.01,90,0,3.51,clear sky
2,Vaini,TO,-21.2,-175.2,86.0,79,75,13.8,broken clouds
3,Punta Arenas,CL,-53.15,-70.9167,51.8,62,0,26.46,clear sky
4,Mount Gambier,AU,-37.8333,140.7667,64.4,59,75,8.05,broken clouds
5,Klaksvik,FO,62.2266,-6.589,32.0,69,40,26.46,scattered clouds
6,Ostrovnoy,RU,68.0531,39.5131,14.54,95,100,7.47,overcast clouds
7,Lebu,CL,-37.6167,-73.65,56.77,84,12,11.41,few clouds
8,Mataura,NZ,-46.1927,168.8643,71.98,37,96,3.56,overcast clouds
9,Yellowknife,CA,62.456,-114.3525,-11.0,77,20,4.61,few clouds
10,Bredasdorp,ZA,-34.5322,20.0403,66.0,84,0,6.22,clear sky
11,Chokurdakh,RU,70.6333,147.9167,-29.6,85,0,8.3,clear sky
12,Daniel Flores,CR,9.3355,-83.6694,70.14,75,99,3.8,overcast clouds
13,Juneau,US,58.3019,-134.4197,32.0,100,100,5.21,overcast clouds
14,Vila Franca Do Campo,PT,37.7167,-25.4333,62.6,88,75,16.11,broken clouds
15,Hilo,US,19.7297,-155.09,80.6,54,75,9.22,light rain
16,Torbay,CA,47.6666,-52.7314,28.99,93,90,8.05,overcast clouds
17,Coquimbo,CL,-29.9533,-71.3436,66.2,82,90,6.91,overcast clouds
18,Vila Velha,BR,-20.3297,-40.2925,78.8,78,20,10.36,few clouds
19,Tank,PK,32.2217,70.3793,48.69,45,0,2.62,clear sky
20,Victoria,HK,22.2855,114.1577,64.0,63,0,1.01,clear sky
21,Tuatapere,NZ,-46.1333,167.6833,67.19,46,100,1.57,overcast clouds
22,Vestmannaeyjar,IS,63.4427,-20.2734,31.35,94,100,9.4,overcast clouds
23,Fortuna,US,40.5982,-124.1573,53.01,76,90,23.02,light rain
24,Busselton,AU,-33.65,115.3333,79.0,53,0,8.48,clear sky
25,Plon,DE,54.1667,10.4167,26.6,86,75,10.36,broken clouds
26,Leningradskiy,RU,69.3833,178.4167,-26.9,82,0,3.91,clear sky
27,Bryan,US,30.6744,-96.37,71.6,73,1,4.61,clear sky
28,Hermanus,ZA,-34.4187,19.2345,66.0,84,0,9.35,clear sky
29,Selma,US,36.5708,-119.6121,60.8,47,1,1.45,clear sky
30,Barrow,US,71.2906,-156.7887,-11.2,70,90,6.91,light snow
31,Jamestown,US,42.097,-79.2353,18.0,86,1,3.44,clear sky
32,Rikitea,PF,-23.1203,-134.9692,79.5,70,0,11.34,clear sky
33,Bara,NG,10.3744,10.7288,67.19,26,0,7.05,clear sky
34,Belyy Yar,RU,53.6039,91.3903,-23.8,76,0,2.68,clear sky
35,Ossora,RU,59.2353,163.0719,-0.6,91,100,23.04,light snow
36,Itoman,JP,26.1247,127.6694,64.4,48,20,9.22,few clouds
37,Port Elizabeth,ZA,-33.918,25.5701,62.6,94,0,6.91,clear sky
38,Albany,US,42.6001,-73.9662,17.01,60,5,1.01,clear sky
39,Alofi,NU,-19.0595,-169.9187,82.4,74,100,12.66,light rain
40,Butaritari,KI,3.0707,172.7902,81.23,78,53,18.37,broken clouds
41,San Patricio,US,28.017,-97.5169,73.4,78,20,18.41,few clouds
42,Yinchuan,CN,38.4681,106.2731,27.52,70,0,8.59,clear sky
43,Tasiilaq,GL,65.6145,-37.6368,21.2,30,90,16.11,overcast clouds
44,Qaanaaq,GL,77.484,-69.3632,-5.67,80,100,2.84,overcast clouds
45,Cherskiy,RU,68.75,161.3,-35.7,83,0,1.16,clear sky
46,Cabo San Lucas,MX,22.8909,-109.9124,72.0,77,40,4.61,scattered clouds
47,Tigil,RU,57.8,158.6667,5.2,93,100,13.69,light snow
48,Ushuaia,AR,-54.8,-68.3,51.8,62,20,21.85,few clouds
49,Camacha,PT,33.0833,-16.3333,57.2,94,20,3.44,few clouds
50,Tongren,CN,27.7172,109.1853,47.08,85,100,1.95,overcast clouds
51,Puerto Madero,MX,14.7208,-92.4215,82.4,69,1,6.91,clear sky
52,Ulaangom,MN,49.9811,92.0667,-8.25,85,0,0.78,clear sky
53,Redmond,US,47.674,-122.1215,46.99,87,100,5.35,overcast clouds
54,Mount Isa,AU,-20.7333,139.5,98.6,25,97,6.91,overcast clouds
55,Carnarvon,AU,-24.8667,113.6333,84.2,79,6,5.75,clear sky
56,Mabaruma,GY,8.2,-59.7833,74.64,92,5,4.63,clear sky
57,Severo-Kurilsk,RU,50.6789,156.125,25.41,95,100,28.86,light snow
58,Soyo,AO,-6.1349,12.3689,79.68,86,100,8.19,light rain
59,Hithadhoo,MV,-0.6,73.0833,81.68,79,24,14.23,few clouds
60,Puerto Ayora,EC,-0.7393,-90.3518,78.01,90,51,5.99,broken clouds
61,Bethel,US,41.3712,-73.414,19.99,62,1,4.88,clear sky
62,Atuona,PF,-9.8,-139.0333,79.25,73,62,17.56,broken clouds
63,Lorengau,PG,-2.0226,147.2712,82.87,81,100,11.12,light rain
64,Aktau,KZ,43.65,51.2,32.0,86,75,11.18,broken clouds
65,Castro,BR,-24.7911,-50.0119,65.68,97,100,5.99,light rain
66,Tuktoyaktuk,CA,69.4541,-133.0374,-34.6,67,40,3.44,scattered clouds
67,College,US,64.8569,-147.8028,-4.0,77,90,1.14,mist
68,Kodiak,US,57.79,-152.4072,33.8,55,1,23.02,clear sky
69,Kumluca,TR,36.3703,30.2869,52.47,57,0,6.51,clear sky
70,Labuhan,ID,-6.8844,112.2051,80.02,83,100,6.53,overcast clouds
71,Ponta Do Sol,PT,32.6667,-17.1,59.0,74,45,3.0,scattered clouds
72,Bluff,NZ,-46.6,168.3333,58.21,68,98,7.4,overcast clouds
73,Skjervoy,NO,70.0311,20.9714,28.09,87,100,5.5,overcast clouds
74,Udachnyy,RU,66.4167,112.4,-31.18,81,100,9.66,overcast clouds
75,Yining,CN,29.0361,114.5636,48.33,75,91,0.87,light rain
76,Oussouye,SN,12.485,-16.5469,73.4,73,0,6.91,clear sky
77,Nikolskoye,RU,59.7035,30.7861,25.0,93,75,6.71,light snow
78,Hornepayne,CA,49.2138,-84.7705,3.31,94,58,4.9,broken clouds
79,Iskateley,RU,67.6803,53.1512,0.05,92,98,11.18,overcast clouds
80,Cidreira,BR,-30.1811,-50.2056,75.78,88,98,9.33,overcast clouds
81,Husavik,IS,66.0449,-17.3389,14.0,85,90,4.61,overcast clouds
82,Belmonte,BR,-15.8631,-38.8828,78.8,73,40,10.36,scattered clouds
83,New Norfolk,AU,-42.7826,147.0587,75.99,25,6,5.01,clear sky
84,Serenje,ZM,-13.2325,30.2352,61.39,94,100,1.68,overcast clouds
85,Upernavik,GL,72.7868,-56.1549,-9.45,85,77,6.51,broken clouds
86,Bagdarin,RU,54.4333,113.6,-28.5,76,0,2.42,clear sky
87,Lindas,NO,60.7381,5.16,30.99,95,92,1.99,light snow
88,Kijang,KR,35.2442,129.2139,33.8,69,0,3.44,clear sky
89,Avarua,CK,-21.2078,-159.775,82.4,74,75,6.91,broken clouds
90,Tuy Hoa,VN,13.0833,109.3,71.4,88,100,5.88,overcast clouds
91,Kapaa,US,22.0752,-159.319,78.8,65,75,14.97,light rain
92,Acajutla,SV,13.5928,-89.8275,80.6,54,20,4.9,few clouds
93,Esperance,AU,-33.8667,121.9,68.0,64,0,13.8,clear sky
94,Omboue,GA,-1.5746,9.2618,75.0,90,100,3.53,light rain
95,Ayan,RU,56.45,138.1667,-6.54,82,100,7.34,overcast clouds
96,Faanui,PF,-16.4833,-151.75,81.75,70,31,8.03,scattered clouds
97,Norman Wells,CA,65.282,-126.8329,-27.4,68,40,3.44,scattered clouds
98,Cape Town,ZA,-33.9258,18.4232,71.01,77,75,5.75,broken clouds
99,Mar Del Plata,AR,-38.0023,-57.5575,62.01,63,75,18.41,broken clouds
100,Hobyo,SO,5.3505,48.5268,74.84,78,55,14.52,broken clouds
101,Airai,TL,-8.9266,125.4092,62.82,100,100,5.79,light rain
102,Fort Nelson,CA,58.8053,-122.7002,-5.8,65,75,1.95,broken clouds
103,Saint-Philippe,RE,-21.3585,55.7679,78.8,65,0,8.05,clear sky
104,Taoudenni,ML,22.6783,-3.9836,66.4,25,5,7.52,clear sky
105,Burdur,TR,37.7203,30.2908,33.8,100,75,5.75,broken clouds
106,Naze,JP,28.3667,129.4833,60.8,55,40,9.22,scattered clouds
107,Glendive,US,47.1053,-104.7125,28.4,74,1,3.44,clear sky
108,Te Anau,NZ,-45.4167,167.7167,65.53,47,29,6.89,scattered clouds
109,Souillac,MU,-20.5167,57.5167,78.8,83,40,8.05,scattered clouds
110,Hobart,AU,-42.8794,147.3294,75.99,40,40,10.36,scattered clouds
111,Georgetown,MY,5.4112,100.3354,78.8,83,20,6.78,few clouds
112,Severo-Yeniseyskiy,RU,60.3725,93.0408,-38.34,81,0,1.72,clear sky
113,Brae,GB,60.3964,-1.353,33.8,93,75,1.14,broken clouds
114,Hammerfest,NO,70.6634,23.6821,26.6,80,40,13.8,scattered clouds
115,Ippy,CF,6.2679,21.2247,71.91,28,89,5.26,overcast clouds
116,Yatou,CN,37.15,122.3833,43.34,80,100,12.77,overcast clouds
117,Adrar,MR,20.5022,-10.0711,65.05,25,20,7.52,few clouds
118,Sitka,US,57.0531,-135.33,41.0,52,75,4.61,broken clouds
119,Quatre Cocos,MU,-20.2078,57.7625,78.8,83,40,8.05,scattered clouds
120,Mahebourg,MU,-20.4081,57.7,78.8,83,40,8.05,scattered clouds
121,Saldanha,ZA,-33.0117,17.9442,63.68,93,0,1.54,clear sky
122,Barinas,VE,8.6226,-70.2075,78.66,54,93,2.8,overcast clouds
123,Marawi,PH,7.9986,124.2928,80.01,80,76,3.0,broken clouds
124,Laguna,US,38.421,-121.4238,57.99,51,1,4.88,clear sky
125,Jackson,US,42.4165,-122.8345,55.4,41,90,21.85,overcast clouds
126,Buraydah,SA,26.326,43.975,50.0,66,0,5.75,clear sky
127,Thompson,CA,55.7435,-97.8558,14.0,92,90,2.3,light snow
128,Kropotkin,RU,45.4375,40.5756,35.74,87,100,8.81,overcast clouds
129,Palana,RU,59.1167,159.9667,-4.58,91,81,27.22,broken clouds
130,Bambous Virieux,MU,-20.3428,57.7575,78.8,83,40,8.05,scattered clouds
131,Rjukan,NO,59.8789,8.5941,8.01,85,40,8.79,scattered clouds
132,Avera,US,33.194,-82.5271,48.2,46,1,5.75,clear sky
133,Gainesville,US,29.6516,-82.3248,57.2,67,40,4.92,scattered clouds
134,Grindavik,IS,63.8424,-22.4338,21.2,73,0,6.91,clear sky
135,Port Alfred,ZA,-33.5906,26.891,63.0,92,0,1.77,clear sky
136,Geraldton,AU,-28.7667,114.6,95.0,23,0,19.57,clear sky
137,Prince George,CA,53.9166,-122.753,24.8,80,90,10.36,overcast clouds
138,Khatanga,RU,71.9667,102.5,-46.95,78,39,1.3,scattered clouds
139,Saint Anthony,US,45.0205,-93.218,32.0,74,90,9.22,light snow
140,Aleksandrov Gay,RU,50.147,48.5704,21.16,95,10,9.1,clear sky
141,Dno,RU,57.8277,29.9637,18.7,97,79,4.16,broken clouds
142,Port Lincoln,AU,-34.7333,135.8667,66.67,63,7,14.32,clear sky
143,Kichera,RU,55.9375,110.0997,-20.45,70,16,5.93,few clouds
144,Ambovombe,MG,-25.1667,46.0833,77.22,78,0,5.39,clear sky
145,Mansehra,PK,34.3333,73.2,40.44,57,0,5.26,clear sky
146,Portland,US,45.5234,-122.6762,48.99,81,90,13.8,overcast clouds
147,Pouebo,NC,-20.4,164.5667,82.87,56,7,11.77,clear sky
148,Kyrylivka,UA,46.3759,35.3675,41.83,90,100,6.26,overcast clouds
149,Huangyan,CN,28.6478,121.2594,55.0,87,100,1.28,overcast clouds
150,Yulara,AU,-25.2406,130.9889,87.8,23,79,18.41,broken clouds
151,Mehamn,NO,71.0357,27.8492,26.6,80,0,8.05,light snow
152,Nurobod,UZ,40.9056,69.8023,46.4,49,0,6.91,clear sky
153,Sayyan,YE,15.1718,44.3244,46.44,49,7,4.32,clear sky
154,Ahipara,NZ,-35.1667,173.1667,72.28,49,0,5.99,clear sky
155,Kampong Thum,KH,12.7111,104.8887,74.1,63,0,9.78,clear sky
156,Biskamzha,RU,53.4497,89.5272,-9.09,86,84,2.8,broken clouds
157,Iralaya,HN,15.0,-83.2333,78.8,82,40,9.15,scattered clouds
158,Broken Hill,AU,-31.95,141.4333,77.0,38,8,13.8,clear sky
159,Kaeo,NZ,-35.1,173.7833,72.0,60,0,5.01,clear sky
160,Kaitangata,NZ,-46.2817,169.8464,61.0,80,100,15.01,overcast clouds
161,Vagay,RU,57.9375,69.0217,13.37,96,100,8.1,overcast clouds
162,Jumla,NP,29.2747,82.1838,29.57,56,0,3.62,clear sky
163,Pevek,RU,69.7008,170.3133,-33.25,84,9,2.08,clear sky
164,Kanungu,UG,-0.9575,29.7897,61.68,77,100,3.22,overcast clouds
165,Hadejia,NG,12.4498,10.0444,66.43,25,0,9.95,clear sky
166,Lensk,RU,60.7253,114.9278,-32.66,80,100,5.77,overcast clouds
167,Namibe,AO,-15.1961,12.1522,72.97,75,95,5.7,overcast clouds
168,Guerrero Negro,MX,27.9769,-114.0611,60.48,66,89,16.84,overcast clouds
169,Hofn,IS,64.2539,-15.2082,21.67,83,0,18.61,clear sky
170,Codrington,AU,-38.2667,141.9667,65.07,57,0,8.46,clear sky
171,Amapa,BR,1.0,-52.0,72.21,98,56,1.99,broken clouds
172,Raudeberg,NO,61.9875,5.1352,32.0,93,100,8.63,light snow
173,Bay Roberts,CA,47.5999,-53.2648,28.99,90,100,7.31,overcast clouds
174,Dawson Creek,CA,55.7666,-120.2362,5.0,66,1,4.61,clear sky
175,Tilichiki,RU,60.4667,166.1,-11.07,91,95,16.31,overcast clouds
176,Lagunas,PE,-5.2269,-75.6753,77.25,78,87,1.57,overcast clouds
177,Kattivakkam,IN,13.2167,80.3167,71.6,94,20,5.37,mist
178,Chuy,UY,-33.6971,-53.4616,71.51,88,100,12.12,moderate rain
179,Abnub,EG,27.2696,31.1511,46.4,61,0,4.61,clear sky
180,Hakkari,TR,37.5833,44.1667,12.92,90,72,4.38,broken clouds
181,Sioux Lookout,CA,50.1001,-91.917,23.0,86,90,6.91,light snow
182,Egvekinot,RU,66.3167,-179.1667,-21.41,84,100,10.69,overcast clouds
183,Provideniya,RU,64.3833,-173.3,-10.1,83,98,13.87,overcast clouds
184,Port Hardy,CA,50.6996,-127.4199,46.4,81,90,23.02,overcast clouds
185,Nueve De Julio,AR,-35.4444,-60.8831,62.01,77,91,4.0,overcast clouds
186,Kodinsk,RU,58.6881,99.1844,-42.11,78,44,2.17,scattered clouds
187,Tambovka,RU,50.0969,128.0489,-32.8,68,20,2.24,few clouds
188,North Battleford,CA,52.7834,-108.2847,1.4,85,75,0.49,broken clouds
189,Pulawy,PL,51.4166,21.9694,28.0,10,100,9.28,overcast clouds
190,Bathsheba,BB,13.2167,-59.5167,78.8,73,40,17.27,scattered clouds
191,Bystrogorskiy,RU,48.2081,41.141,34.83,91,90,13.2,overcast clouds
192,Asau,RO,46.4333,26.4,37.0,80,90,13.8,overcast clouds
193,Shache,CN,38.4167,77.2406,19.18,90,57,0.4,broken clouds
194,East London,ZA,-33.0153,27.9116,69.93,85,70,3.36,broken clouds
195,Katangli,RU,51.7102,143.2326,-1.88,88,100,12.77,overcast clouds
196,Pisco,PE,-13.7,-76.2167,73.4,68,0,17.27,clear sky
197,Mercedes,AR,-34.6515,-59.4307,61.0,89,100,1.99,overcast clouds
198,La Macarena,CO,2.1837,-73.7849,77.05,63,35,2.13,scattered clouds
199,Suwannaphum,TH,15.6035,103.8021,70.0,88,0,3.44,clear sky
200,Miri,MY,4.4148,114.0089,78.8,94,40,3.44,scattered clouds
201,Vostok,RU,46.4856,135.8833,-12.66,85,5,4.18,clear sky
202,Igarka,RU,67.4667,86.5833,-33.88,78,0,8.63,clear sky
203,Hasaki,JP,35.7333,140.8333,43.0,42,20,11.5,few clouds
204,Arraial Do Cabo,BR,-22.9661,-42.0278,77.0,82,0,26.98,clear sky
205,Akonolinga,CM,3.7667,12.25,68.02,96,100,2.3,overcast clouds
206,Luanda,AO,-8.8368,13.2343,78.8,83,75,4.61,broken clouds
207,Mayo,US,38.8876,-76.5119,30.99,59,1,3.44,clear sky
208,Ngaoundere,CM,7.3167,13.5833,64.87,28,0,4.25,clear sky
209,Greenfield,US,42.9614,-88.0126,32.0,80,90,11.5,light snow
210,South Bend,US,41.6834,-86.25,32.0,69,90,17.27,light snow
211,Catuday,PH,16.2923,119.8062,73.44,66,100,14.9,overcast clouds
212,Ust-Nera,RU,64.5667,143.2,-25.51,76,92,7.78,overcast clouds
213,Belaya Gora,RU,68.5333,146.4167,-27.9,85,100,2.53,overcast clouds
214,Marzuq,YE,14.4,46.4667,57.74,54,0,2.66,clear sky
215,Mingshui,CN,36.7167,117.5,48.0,42,0,1.01,clear sky
216,Half Moon Bay,US,37.4636,-122.4286,57.2,76,90,5.75,overcast clouds
217,Mazatlan,MX,23.2167,-106.4167,77.0,50,20,12.66,few clouds
218,Bilibino,RU,68.0546,166.4372,-26.52,79,0,5.53,clear sky
219,Faya,SA,18.3851,42.4509,55.4,62,0,5.75,clear sky
220,Anadyr,RU,64.75,177.4833,-4.0,71,20,26.84,snow
221,Voh,NC,-20.9667,164.7,84.99,51,6,6.26,clear sky
222,Russell,US,32.3502,-85.1999,53.6,62,40,5.75,scattered clouds
223,Colares,PT,38.7992,-9.4469,59.0,82,99,15.99,overcast clouds
224,Vetluga,RU,57.8557,45.781,19.87,97,100,8.9,overcast clouds
225,Iqaluit,CA,63.7506,-68.5145,-9.0,77,1,19.57,snow
226,Solnechnyy,RU,50.7214,136.6319,-10.39,85,48,4.23,scattered clouds
227,Sonkovo,RU,57.7782,37.1571,15.39,97,98,9.73,overcast clouds
228,Pfullendorf,DE,47.9167,9.25,42.01,96,100,8.99,overcast clouds
229,Matara,LK,5.9485,80.5353,76.28,85,93,3.67,overcast clouds
230,Maragogi,BR,-9.0122,-35.2225,78.04,82,100,8.3,overcast clouds
231,Margate,GB,51.3813,1.3862,39.0,75,1,3.0,clear sky
232,Sabang,ID,5.8933,95.3214,80.8,78,62,20.67,broken clouds
233,Kathu,TH,7.9178,98.3332,84.0,78,20,5.75,few clouds
234,Bad Windsheim,DE,49.5,10.4167,30.2,100,90,8.05,light snow
235,Dallas,US,32.7668,-96.7836,69.8,14,40,10.36,scattered clouds
236,Riberalta,BO,-10.9833,-66.1,76.19,89,100,1.97,overcast clouds
237,Los Llanos De Aridane,ES,28.6585,-17.9182,64.4,72,90,11.5,overcast clouds
238,Kangshan,CN,28.8812,116.4311,52.21,67,99,2.66,overcast clouds
239,Sao Joao Da Barra,BR,-21.6403,-41.0511,77.97,78,1,21.68,clear sky
240,Maceio,BR,-9.6658,-35.7353,75.2,94,75,2.3,broken clouds
241,Luderitz,NA,-26.6481,15.1594,65.39,63,0,18.03,clear sky
242,Dingle,PH,10.9995,122.6711,78.03,80,87,16.17,overcast clouds
243,Asfi,MA,32.2994,-9.2372,58.55,88,33,9.13,scattered clouds
244,Nguruka,TZ,-5.1092,31.0419,64.15,92,67,2.73,broken clouds
245,Ayorou,NE,14.7308,0.9174,69.98,20,0,10.74,clear sky
246,Rudbar,AF,30.15,62.6,61.57,31,7,10.67,clear sky
247,Menongue,AO,-14.6585,17.691,62.38,94,100,5.06,overcast clouds
248,Douentza,ML,14.9951,-2.9517,62.19,27,0,3.69,clear sky
249,Kamenka,RU,51.3223,42.7678,35.01,93,100,4.0,overcast clouds
250,Sakaiminato,JP,35.55,133.2333,44.6,70,75,3.44,broken clouds
251,Bayir,TR,37.2687,28.2167,44.6,93,0,5.75,clear sky
252,Pristen,RU,51.2355,36.6959,35.6,100,90,11.18,moderate rain
253,Itarema,BR,-2.9248,-39.9167,78.89,83,98,9.64,overcast clouds
254,Datong,CN,40.0936,113.2914,24.3,77,0,10.89,clear sky
255,Saskylakh,RU,71.9167,114.0833,-33.81,82,100,11.7,overcast clouds
256,Morehead,US,37.2711,-87.1764,42.01,70,90,12.66,moderate rain
257,Ribeira Grande,PT,38.5167,-28.7,63.16,91,97,22.06,overcast clouds
258,Cadiz,ES,36.5,-5.75,57.2,87,75,4.61,broken clouds
259,Pangnirtung,CA,66.1451,-65.7125,-8.93,74,23,2.57,few clouds
260,Malakal,SS,9.5334,31.6605,72.54,24,5,6.89,clear sky
261,Kibala,TD,9.1104,18.3463,73.4,40,0,3.71,clear sky
262,Penzance,GB,50.1186,-5.5371,43.0,93,90,6.91,overcast clouds
263,Kautokeino,NO,69.0125,23.0412,15.08,96,100,11.97,light snow
264,Caravelas,BR,-17.7125,-39.2481,75.6,86,0,5.39,clear sky
265,Tura,IN,25.5198,90.2201,50.05,49,0,3.11,clear sky
266,Dondo,MZ,-19.6094,34.7431,74.5,94,77,2.21,broken clouds
267,Vardo,NO,70.3705,31.1107,25.18,95,100,19.01,light snow
268,Karratha,AU,-20.7377,116.8463,89.56,52,100,4.88,overcast clouds
269,Eregli,TR,37.5133,34.0467,38.59,87,100,1.34,overcast clouds
270,Riyadh,SA,24.6877,46.7219,51.8,46,0,4.61,clear sky
271,Burgeo,CA,47.6167,-57.6152,28.15,91,83,13.38,broken clouds
272,Shuangcheng,CN,45.35,126.2833,-11.2,77,100,4.47,mist
273,Ushtobe,KZ,45.2514,77.9838,12.61,83,90,0.49,overcast clouds
274,Buckingham,GB,51.9997,-0.9878,34.0,84,0,1.01,clear sky
275,Nanortalik,GL,60.1432,-45.2371,29.19,90,100,11.03,overcast clouds
276,Corinto,GR,37.9407,22.9573,51.01,52,99,1.01,overcast clouds
277,Kavieng,PG,-2.5744,150.7967,83.41,71,97,14.05,overcast clouds
278,Buncrana,IE,55.1333,-7.45,34.45,86,100,11.01,overcast clouds
279,Sorland,NO,67.667,12.6934,30.76,90,41,6.8,scattered clouds
280,Derzhavinsk,KZ,51.1,66.3167,17.01,93,100,4.99,overcast clouds
281,Mujiayingzi,CN,42.1167,118.7833,16.66,92,100,6.24,overcast clouds
282,Chadiza,ZM,-14.0678,32.4392,65.3,97,31,2.26,scattered clouds
283,Point Pleasant,US,40.0832,-74.0682,30.0,40,1,3.44,clear sky
284,Tiksi,RU,71.6872,128.8694,-27.49,86,100,4.68,overcast clouds
285,Pacific Grove,US,36.6177,-121.9166,57.2,62,90,8.05,overcast clouds
286,Sungaipenuh,ID,-2.0833,101.3833,66.2,90,100,1.74,overcast clouds
287,Gat,IL,31.61,34.7642,55.0,58,0,1.99,clear sky
288,Maningrida,AU,-12.0667,134.2667,86.86,67,63,10.27,broken clouds
289,Jyvaskyla,FI,62.2415,25.7209,19.99,92,90,4.61,light snow
290,San Juan,AR,-31.5375,-68.5364,74.19,42,85,13.18,overcast clouds
291,Aklavik,CA,68.2191,-135.0107,-16.6,76,90,5.75,overcast clouds
292,Tomatlan,MX,19.9333,-105.25,76.41,54,0,5.03,clear sky
293,Tezu,IN,27.9167,96.1667,56.07,39,60,3.31,broken clouds
294,Macara,EC,-4.3833,-79.95,75.45,73,98,3.89,light rain
295,La Ronge,CA,55.1001,-105.2842,12.2,85,6,1.14,clear sky
296,Hami,CN,42.8,93.45,20.75,85,0,5.01,clear sky
297,Lata,PT,40.1629,-8.3327,55.99,88,100,1.99,overcast clouds
298,Praia Da Vitoria,PT,38.7333,-27.0667,64.4,88,75,17.13,broken clouds
299,Isangel,VU,-19.55,169.2667,82.65,70,7,18.39,clear sky
300,Port Hedland,AU,-20.3167,118.5667,87.8,58,75,12.66,broken clouds
301,Kostroma,RU,57.7708,40.9344,24.8,86,90,8.95,light snow
302,Kutahya,TR,39.4242,29.9833,35.6,100,40,5.75,mist
303,Acarau,BR,-2.8856,-40.12,79.2,82,100,11.56,overcast clouds
304,Coolum Beach,AU,-26.5333,153.1,79.0,75,3,4.0,clear sky
305,Zhengjiatun,CN,43.5064,123.5064,3.69,90,90,4.99,overcast clouds
306,Sao Filipe,CV,14.8961,-24.4956,74.12,61,100,9.13,overcast clouds
307,Tromso,NO,69.6496,18.957,23.0,86,98,2.3,overcast clouds
308,Linxia,CN,35.6003,103.2064,23.63,80,100,1.39,overcast clouds
309,Carutapera,BR,-1.195,-46.02,78.49,83,100,7.14,overcast clouds
310,Nizhnyaya Omka,RU,55.4338,74.9426,5.22,95,100,11.3,overcast clouds
311,Xapuri,BR,-10.6517,-68.5044,74.91,89,47,1.81,scattered clouds
312,Progreso,MX,21.2833,-89.6667,80.6,44,75,11.5,broken clouds
313,Ca Mau,VN,9.1769,105.15,78.67,68,56,11.12,broken clouds
314,Akyab,MM,20.15,92.9,65.82,62,100,9.01,overcast clouds
315,Yumen,CN,40.2833,97.2,21.61,73,0,23.15,clear sky
316,Wanlaweyn,SO,2.6185,44.8938,69.37,89,1,6.15,clear sky
317,Ilulissat,GL,69.2167,-51.1,6.8,61,90,8.05,overcast clouds
318,Kandalaksha,RU,67.162,32.4123,10.99,94,100,3.83,overcast clouds
319,Clyde River,CA,70.4692,-68.5914,-9.4,84,90,5.75,overcast clouds
320,Cabedelo,BR,-6.9811,-34.8339,78.8,83,0,5.75,clear sky
321,Veraval,IN,20.9,70.3667,65.21,31,0,13.15,clear sky
322,Longyearbyen,SJ,78.2186,15.6401,-5.8,65,20,19.57,few clouds
323,Masuda,JP,34.6667,131.85,41.0,81,20,3.44,few clouds
324,Gombong,ID,-7.6072,109.5142,81.05,75,94,3.33,overcast clouds
325,Shihezi,CN,44.3,86.0333,-0.89,92,94,1.41,overcast clouds
326,Verkh-Chebula,RU,56.0308,87.6218,-28.01,82,11,5.86,few clouds
327,Gao,ML,16.6362,1.637,66.99,22,0,10.96,clear sky
328,Anaconda,US,46.1285,-112.9423,33.8,55,90,5.59,overcast clouds
329,Dukat,RU,62.55,155.55,-33.27,81,100,8.3,overcast clouds
330,Lasem,ID,-6.6922,111.4527,80.58,83,100,8.88,overcast clouds
331,Porto Santo,PT,33.072,-16.3415,57.2,94,20,3.44,few clouds
332,Kaputa,ZM,-8.4689,29.6619,67.14,79,99,2.24,overcast clouds
333,Fairbanks,US,64.8378,-147.7164,-2.99,77,90,0.78,light snow
334,Hejobaba,HU,47.9,20.95,32.0,69,90,18.41,overcast clouds
335,Rodrigues Alves,BR,-7.738,-72.6509,74.12,95,100,1.1,very heavy rain
336,Ciudad Guayana,VE,8.3533,-62.6528,75.0,96,2,1.99,clear sky
337,Mizdah,LY,31.4451,12.9801,55.13,38,0,10.42,clear sky
338,Trofors,NO,65.5333,13.4063,23.0,80,90,3.44,overcast clouds
339,Bengkulu,ID,-3.8004,102.2655,74.43,93,100,6.38,overcast clouds
340,Acapulco,MX,16.8634,-99.8901,84.2,74,40,4.61,scattered clouds
341,Gigmoto,PH,13.7796,124.39,77.83,77,100,17.94,overcast clouds
342,Santa Rosa,PH,14.3122,121.1114,81.0,69,40,5.75,scattered clouds
343,Kirkuk,IQ,35.4681,44.3922,44.58,60,100,6.82,overcast clouds
344,Salekhard,RU,66.53,66.6019,-17.01,88,100,5.68,overcast clouds
345,Lavrentiya,RU,65.5833,-171.0,-16.24,84,0,5.84,clear sky
346,Chulym,RU,55.0997,80.9572,-14.46,86,100,8.66,overcast clouds
347,Boyolangu,ID,-8.1181,111.8935,79.57,78,97,3.58,overcast clouds
348,Finschhafen,PG,-6.6024,147.8681,87.78,66,100,14.12,overcast clouds
349,Zhigansk,RU,66.7697,123.3711,-48.78,74,66,3.15,broken clouds
350,Koungheul,SN,13.9833,-14.8,77.05,16,100,8.88,overcast clouds
351,Longonjo,AO,-12.9067,15.2533,59.54,90,100,2.13,overcast clouds
352,Karasjok,NO,69.4719,25.5112,23.0,93,90,8.05,overcast clouds
353,Sebinkarahisar,TR,40.2883,38.4236,24.19,97,100,5.3,snow
354,Burns Lake,CA,54.2331,-125.7533,21.2,79,100,2.3,overcast clouds
355,Leshukonskoye,RU,64.8989,45.7622,17.65,97,100,5.61,overcast clouds
356,Tarakan,ID,3.3,117.6333,77.0,88,90,3.44,overcast clouds
357,Fruitvale,US,39.0817,-108.4968,35.6,75,1,8.05,clear sky
358,Sobolevo,RU,54.4299,31.8996,16.25,97,100,4.18,light snow
359,Vysokogornyy,RU,50.1167,139.15,-11.24,85,100,7.05,overcast clouds
360,Byron Bay,AU,-28.65,153.6167,80.6,69,75,10.36,broken clouds
361,San Isidro,PE,-12.1167,-77.05,77.0,73,0,13.8,clear sky
362,Traralgon,AU,-38.1833,146.5333,72.0,48,0,5.99,clear sky
363,Along,IN,28.1667,94.7667,45.28,76,0,2.19,clear sky
364,Ambilobe,MG,-13.2,49.05,72.61,93,0,2.53,clear sky
365,Harwich,GB,51.9419,1.2844,39.0,55,0,15.01,clear sky
366,Okhotsk,RU,59.3833,143.3,-9.11,80,0,18.03,clear sky
367,Whitehorse,CA,60.7161,-135.0538,-4.0,77,75,2.3,light snow
368,Boffa,GN,10.1667,-14.0333,70.14,86,0,1.97,clear sky
369,Miandrivazo,MG,-19.5167,45.4667,77.56,79,1,1.59,clear sky
370,Palasa,IN,18.7667,84.4167,68.52,81,99,4.29,overcast clouds
371,Rio Grande,BR,-32.035,-52.0986,75.81,91,86,13.24,moderate rain
372,Haines Junction,CA,60.7522,-137.5108,-5.8,77,97,1.14,overcast clouds
373,Narayanpet,IN,16.7333,77.5,64.44,73,0,4.94,clear sky
374,Constitucion,CL,-35.3333,-72.4167,59.59,93,34,8.46,scattered clouds
375,Mariental,NA,-24.6333,17.9667,75.15,19,0,11.32,clear sky
376,Coos Bay,US,43.3665,-124.2179,50.0,100,90,5.79,mist
377,Touros,BR,-5.1989,-35.4608,78.8,83,20,4.61,few clouds
378,Fukue,JP,32.6881,128.8419,48.2,81,40,3.44,scattered clouds
379,Srednekolymsk,RU,67.45,153.6833,-32.04,84,100,3.31,overcast clouds
380,Deder,ET,9.3167,41.45,52.03,46,0,4.25,clear sky
381,Deputatskiy,RU,69.3,139.9,-25.11,88,100,1.7,overcast clouds
382,San Blas,MX,21.5167,-105.2667,80.6,34,1,6.91,clear sky
383,Beira,MZ,-19.8436,34.8389,78.6,86,95,5.23,overcast clouds
384,Manta,EC,-0.95,-80.7333,77.0,94,90,3.44,light rain
385,Narsaq,GL,60.9167,-46.05,39.2,30,75,31.07,broken clouds
386,Yenagoa,NG,4.9247,6.2642,78.08,87,0,3.15,clear sky
387,Komsomolskiy,UZ,40.4272,71.7189,33.8,47,100,4.61,overcast clouds
388,Pierre,US,44.3683,-100.351,26.6,80,90,17.27,overcast clouds
389,Port Blair,IN,11.6667,92.75,79.36,78,15,7.72,few clouds
390,Lohja,FI,60.2486,24.0653,17.01,93,100,5.01,overcast clouds
391,Xianyang,CN,34.3378,108.7026,42.01,80,0,1.81,clear sky
392,Zaysan,KZ,47.4667,84.8667,-1.68,85,33,1.52,scattered clouds
393,Kieta,PG,-6.2167,155.6333,84.18,71,100,15.97,overcast clouds
394,Kokuy,RU,52.2037,117.5529,-24.93,83,98,1.57,overcast clouds
395,Talara,PE,-4.5772,-81.2719,75.81,77,62,13.96,broken clouds
396,Inirida,CO,3.8653,-67.9239,79.07,74,65,2.24,broken clouds
397,Malinovoye Ozero,RU,51.6753,79.7825,7.77,94,100,6.98,overcast clouds
398,Sonoita,MX,31.85,-112.8333,57.99,49,0,9.75,clear sky
399,Bosaso,SO,11.2842,49.1816,71.56,73,50,5.21,scattered clouds
400,Bubaque,GW,11.2833,-15.8333,79.3,62,96,12.71,overcast clouds
401,San Cristobal,VE,7.7669,-72.225,65.71,72,84,1.39,broken clouds
402,Beloha,MG,-25.1667,45.05,74.46,84,0,4.0,clear sky
403,Akdepe,TM,42.0551,59.3788,32.0,74,100,2.3,haze
404,Muskogee,US,35.5834,-95.3336,59.0,44,1,9.22,clear sky
405,Krasnyy Oktyabr,RU,56.1167,38.8833,23.04,98,100,7.96,snow
406,Sangmelima,CM,2.9333,11.9833,68.95,91,100,3.98,overcast clouds
407,Charters Towers,AU,-20.1,146.2667,83.75,57,98,9.86,overcast clouds
408,Bafq,IR,31.6128,55.4107,49.1,50,0,3.85,clear sky
409,Nuuk,GL,64.1835,-51.7216,19.4,79,0,13.8,clear sky
410,Tautira,PF,-17.7333,-149.15,87.8,58,75,9.22,light rain
411,Tabou,CI,4.423,-7.3528,78.46,89,6,7.72,clear sky
412,Petropavlovsk-Kamchatskiy,RU,53.0452,158.6483,28.4,50,100,15.66,light snow
413,Aksu,CN,41.1231,80.2644,15.84,86,4,3.04,clear sky
414,Cayenne,GF,4.9333,-52.3333,80.6,89,75,8.05,broken clouds
415,Solikamsk,RU,59.6196,56.7729,19.08,97,99,9.06,overcast clouds
416,Guadalupe Y Calvo,MX,26.1,-106.9667,46.94,60,94,2.53,overcast clouds
417,Bud,US,39.447,-86.1758,30.99,97,100,16.26,snow
418,Matay,EG,28.419,30.7792,48.54,49,0,5.39,clear sky
419,Arlit,NE,18.7369,7.3853,60.24,27,0,6.62,clear sky
420,Fez,MA,34.0372,-4.9998,53.6,100,75,9.22,broken clouds
421,Ciudad Bolivar,VE,8.1222,-63.5497,78.98,71,24,14.85,few clouds
422,Doha,QA,25.2867,51.5333,64.4,59,0,12.66,clear sky
423,Mecca,SA,21.4267,39.8261,66.22,42,0,5.14,clear sky
424,Staryy Krym,UA,45.0333,35.1,39.4,82,59,5.17,broken clouds
425,Pingshan,CN,22.9938,114.7131,59.0,70,0,1.88,clear sky
426,Micheweni,TZ,-4.9667,39.8333,79.65,80,26,13.22,scattered clouds
427,Saint George,US,37.1041,-113.5841,50.0,50,1,1.41,clear sky
428,Hastings,GB,50.8552,0.5729,39.0,81,81,11.01,broken clouds
429,Mantua,IT,45.1667,10.7833,41.0,100,90,4.61,heavy intensity rain
430,Dicabisagan,PH,17.0818,122.4157,71.85,81,100,12.84,overcast clouds
431,Manono,CD,-7.3,27.4167,69.12,93,100,2.1,light rain
432,Bandarbeyla,SO,9.4942,50.8122,74.07,72,100,15.93,overcast clouds
433,Sola,VU,-13.8833,167.55,81.46,78,99,12.37,overcast clouds
434,Andenes,NO,69.3143,16.1194,25.0,68,100,5.75,overcast clouds
435,Adre,TD,13.4667,22.2,62.35,27,0,12.08,clear sky
436,Ambon,ID,-3.6954,128.1814,87.8,62,20,8.05,few clouds
437,Rawson,AR,-43.3002,-65.1023,60.69,59,6,16.87,clear sky
438,Bridlington,GB,54.0831,-0.1919,37.99,83,78,3.0,broken clouds
439,Luangwa,ZM,-15.6167,30.4167,72.37,90,100,1.92,overcast clouds
440,Viransehir,TR,37.2353,39.7631,39.94,85,100,21.05,light rain
441,Chernyshevskiy,RU,63.0128,112.4714,-29.02,86,100,4.72,overcast clouds
442,Awbari,LY,26.5921,12.7805,55.54,39,0,8.79,clear sky
443,Funadhoo,MV,6.15,73.2667,81.93,65,87,6.51,overcast clouds
444,Port Moresby,PG,-9.4431,147.1797,75.2,94,75,10.36,broken clouds
445,Palmer,US,42.1584,-72.3287,16.0,53,1,5.75,clear sky
446,Middle Island,US,40.8843,-72.9373,27.0,46,20,4.61,few clouds
447,Itanhaem,BR,-24.1831,-46.7889,86.0,65,0,8.05,clear sky
448,Indianola,US,41.3581,-93.5574,32.0,94,100,9.37,light snow
449,Meiganga,CM,6.5167,14.3,67.48,26,0,5.77,clear sky
450,Bairiki,KI,1.3292,172.9752,84.2,70,40,11.5,scattered clouds
451,Lapeer,US,43.0514,-83.3188,25.0,74,75,5.75,broken clouds
452,Mocuba,MZ,-16.8392,36.9856,72.93,97,98,0.63,overcast clouds
453,Sukumo,JP,32.9333,132.7333,51.44,56,6,7.07,clear sky
454,Casablanca,MA,33.5928,-7.6192,60.01,100,75,1.14,broken clouds
455,Troitskoye,RU,52.9821,84.6757,0.16,93,1,8.05,clear sky
456,Santiago Del Estero,AR,-27.7951,-64.2615,72.14,74,100,8.3,light rain
457,Ancud,CL,-41.8697,-73.8203,57.2,62,0,9.22,clear sky
458,Korla,CN,41.7597,86.1469,18.37,85,0,4.43,clear sky
459,Bukachacha,RU,52.9833,116.9167,-26.37,80,3,2.57,clear sky
460,Kotelnikovo,RU,47.6317,43.1461,34.39,93,100,13.11,overcast clouds
461,Nova Bystrice,CZ,49.0193,15.1032,27.0,74,100,1.99,light snow
462,Diyarb Najm,EG,30.7542,31.4393,60.01,36,0,20.0,clear sky
463,Pochutla,MX,15.7432,-96.4661,82.4,65,20,11.5,few clouds
464,Wildeshausen,DE,52.9,8.4333,21.0,92,0,1.14,fog
465,Pompeu,BR,-19.2244,-44.9353,69.48,80,39,4.29,scattered clouds
466,Muros,ES,42.7762,-9.0603,55.0,86,100,1.01,overcast clouds
467,Bardiyah,LY,31.7561,25.0865,59.27,69,0,13.82,clear sky
468,Turukhansk,RU,65.8167,87.9833,-32.31,76,0,5.06,clear sky
469,Obo,CF,5.3998,26.4869,69.55,24,0,6.15,clear sky
470,Sinop,TR,41.7711,34.8709,39.97,76,100,9.15,overcast clouds
471,Ilhabela,BR,-23.7781,-45.3581,77.68,77,80,1.95,broken clouds
472,Meulaboh,ID,4.1363,96.1285,76.21,80,71,4.45,broken clouds
473,Honolulu,US,21.3069,-157.8583,80.6,50,40,14.97,scattered clouds
474,Shizunai,JP,42.3339,142.3669,26.64,88,60,25.37,broken clouds
475,Linhares,BR,-19.3911,-40.0722,72.75,91,0,1.59,clear sky
476,Huron,US,41.1501,-82.5499,28.0,66,100,8.99,overcast clouds
477,Hambantota,LK,6.1241,81.1185,75.2,100,20,9.22,few clouds
478,Rosarito,MX,32.3333,-117.0333,57.99,58,1,8.05,clear sky
479,Lincoln,US,40.8,-96.667,33.8,80,90,24.16,haze
480,Vila,PT,42.0304,-8.1588,46.99,89,100,10.0,light rain
481,Port Keats,AU,-14.25,129.55,79.66,88,100,8.7,overcast clouds
482,Normandin,CA,48.8333,-72.5321,-2.2,71,11,10.36,few clouds
483,Arequipa,PE,-16.3989,-71.535,59.0,44,40,8.05,scattered clouds
484,Flinders,AU,-34.5833,150.8552,68.0,95,100,1.01,overcast clouds
485,Pak Phanang,TH,8.3511,100.202,75.2,100,75,2.3,broken clouds
486,Sayat,TM,38.7839,63.8803,46.4,46,100,4.61,haze
487,Nampa,US,43.5407,-116.5635,46.4,53,90,10.36,overcast clouds
488,Kathmandu,NP,27.7167,85.3167,37.4,87,20,2.3,mist
489,Oistins,BB,13.0667,-59.5333,78.8,73,40,17.27,scattered clouds
490,Manjakandriana,MG,-18.9167,47.8,64.4,94,75,2.3,broken clouds
491,Deori Khas,IN,23.4,79.0167,44.44,49,0,2.04,clear sky
492,Fallon,US,39.4735,-118.7774,42.8,65,40,5.75,scattered clouds
493,Kungurtug,RU,50.5994,97.5228,-6.97,85,100,3.06,overcast clouds
494,Beringovskiy,RU,63.05,179.3167,7.0,94,100,29.08,snow
495,Neryungri,RU,56.6709,124.6491,-33.11,81,100,0.96,overcast clouds
496,Ahuimanu,US,21.4447,-157.8378,80.6,65,75,14.97,broken clouds
497,Jalu,LY,29.0331,21.5482,59.18,44,0,11.05,clear sky
498,Ekhabi,RU,53.5102,142.9671,-4.77,90,100,18.16,overcast clouds
499,Mayor Pablo Lagerenza,PY,-19.9309,-60.7718,85.14,55,1,10.96,clear sky
500,Teguise,ES,29.0605,-13.564,64.4,82,75,12.66,broken clouds
501,Pathein,MM,16.7833,94.7333,72.19,65,77,8.21,broken clouds
502,Salur,IN,18.5333,83.2167,68.16,85,89,0.74,overcast clouds
503,Yarada,IN,17.65,83.2667,71.6,100,40,2.3,mist
504,Nago,JP,26.5881,127.9761,64.4,88,1,5.75,clear sky
505,Taksimo,RU,56.3444,114.8794,-28.5,76,100,0.2,overcast clouds
506,Broome,US,42.2506,-75.833,15.01,79,1,6.91,clear sky
507,Kabalo,CD,-6.05,26.9167,70.09,95,100,1.54,overcast clouds
508,Davila,PH,18.4726,120.5763,71.6,60,75,3.44,broken clouds
509,Quimper,FR,48.0,-4.1,50.0,93,75,8.05,broken clouds
510,Poltavka,RU,54.3663,71.7632,11.35,94,100,11.92,overcast clouds
511,Abu Dhabi,AE,24.4667,54.3667,66.2,77,0,12.26,clear sky
512,Zhezkazgan,KZ,47.8043,67.7144,17.31,95,97,7.87,overcast clouds
513,Kenmare,IE,51.8833,-9.5833,40.6,85,100,6.82,overcast clouds
514,Camana,PE,-16.6228,-72.7111,68.97,76,31,4.85,scattered clouds
515,Port Dover,CA,42.7834,-80.1997,23.0,73,100,2.3,overcast clouds
516,Albury,AU,-36.0833,146.9167,81.0,60,0,8.05,clear sky
517,Puerto Leguizamo,CO,-0.1934,-74.7819,79.09,61,55,2.71,broken clouds
518,Porto Novo,BJ,6.4965,2.6036,84.2,84,40,11.5,scattered clouds
519,Siilinjarvi,FI,63.0833,27.6667,24.8,93,90,3.44,light snow
520,Granadilla De Abona,ES,28.1188,-16.576,62.6,77,20,9.22,few clouds
521,Hun,LY,29.1268,15.9477,58.46,35,0,6.49,clear sky
522,Lebanon,US,36.2081,-86.2911,48.2,46,75,12.66,moderate rain
523,Yertsevo,RU,60.7966,40.086,20.41,97,99,9.48,light snow
524,Gladstone,AU,-23.85,151.25,82.4,54,75,11.5,broken clouds
525,Brooks,CA,50.5834,-111.8851,14.0,73,22,3.44,few clouds
526,Homer,US,59.6425,-151.5483,30.2,69,1,6.4,clear sky
527,Bahia Blanca,AR,-38.7196,-62.2724,61.47,52,91,12.28,overcast clouds
528,San Rafael,AR,-34.6177,-68.3301,66.85,59,100,8.99,light rain
529,Chimala,TZ,-8.85,34.0167,64.36,83,100,0.63,light rain
530,Hualmay,PE,-11.0964,-77.6139,71.38,76,58,9.01,broken clouds
531,Chacabuco,AR,-34.6417,-60.4739,61.0,86,100,1.99,overcast clouds
532,Sarakhs,IR,36.5449,61.1577,53.64,61,100,4.94,overcast clouds
533,Banda Aceh,ID,5.5577,95.3222,77.49,78,10,12.46,clear sky
534,Kazachinskoye,RU,57.6953,93.2761,-39.19,78,0,2.86,clear sky
535,Kot Kapura,IN,30.5833,74.9,42.94,58,0,2.01,clear sky
536,San Andres,CO,12.5847,-81.7006,80.6,74,40,13.8,scattered clouds
537,Murdochville,CA,48.9583,-65.5006,15.8,62,89,17.27,overcast clouds
538,Burnie,AU,-41.0667,145.9167,61.68,69,87,5.66,overcast clouds
539,Kochi,IN,9.9399,76.2602,77.0,88,20,4.61,mist
540,Kahului,US,20.8947,-156.47,78.8,57,40,18.41,scattered clouds
541,Goderich,CA,43.7501,-81.7165,24.8,74,100,2.3,overcast clouds
542,Capitao Poco,BR,-1.7464,-47.0594,73.38,97,100,3.6,light rain
543,Makakilo City,US,21.3469,-158.0858,80.6,54,75,6.91,broken clouds
544,Lasa,IT,46.6166,10.7002,37.0,100,90,3.2,light snow
545,Monduli,TZ,-3.3,36.45,60.58,84,75,7.27,broken clouds
546,Saint-Joseph,RE,-21.3667,55.6167,78.8,65,0,8.05,clear sky
547,Sawakin,SD,19.1059,37.3321,68.83,69,56,12.73,broken clouds
548,Cockburn Town,TC,21.4612,-71.1419,73.4,56,20,11.5,few clouds
549,Beroroha,MG,-21.6667,45.1667,75.61,87,96,1.36,light rain
550,Nabire,ID,-3.3667,135.4833,83.48,73,93,1.12,overcast clouds
551,Khawhai,IN,23.3667,93.1167,38.98,100,0,2.15,clear sky
552,Katsuura,JP,35.1333,140.3,52.0,45,20,6.91,few clouds
553,Necochea,AR,-38.5473,-58.7368,59.0,68,95,4.0,overcast clouds
554,Grandview,US,38.8858,-94.533,46.4,100,90,10.36,light rain
555,Marmande,FR,44.5,0.1667,51.01,97,100,8.01,overcast clouds
556,Lukaya,UG,-0.1489,31.8748,69.8,88,20,3.44,few clouds
557,Talcahuano,CL,-36.7167,-73.1167,62.6,82,0,3.44,clear sky
558,Mackay,AU,-21.15,149.2,86.0,66,40,16.11,scattered clouds
559,Saint-Francois,FR,46.4154,3.9054,43.0,87,90,3.44,overcast clouds
560,Tyazhinskiy,RU,56.116,88.524,-26.68,82,0,7.96,clear sky
561,Beyneu,KZ,45.3167,55.2,33.91,93,100,10.96,overcast clouds
562,Yar-Sale,RU,66.8333,70.8333,-18.29,86,100,17.27,overcast clouds
563,Batemans Bay,AU,-35.7167,150.1833,68.0,80,100,3.0,overcast clouds
564,Tual,ID,-5.6667,132.75,83.61,75,79,14.63,broken clouds
565,Qarqin,AF,37.4185,66.0436,57.27,36,100,19.86,overcast clouds
566,Portree,GB,57.4129,-6.1942,30.0,84,100,4.0,overcast clouds
567,Seidu,SL,9.0167,-10.6,68.16,31,0,2.53,clear sky
568,Sidi Ali,DZ,36.0998,0.4206,55.35,81,100,20.27,overcast clouds
569,Pemangkat,ID,1.1667,108.9667,78.78,85,100,10.74,overcast clouds
570,Gazli,UZ,40.1333,63.45,46.4,50,100,7.52,overcast clouds
571,Sibu,MY,2.3,111.8167,77.0,94,40,1.14,scattered clouds
572,Teya,RU,60.3778,92.6267,-36.69,77,0,1.45,clear sky
573,Aitape,PG,-3.1374,142.3475,84.87,68,94,9.57,overcast clouds
574,Santarem,BR,-2.4431,-54.7083,77.0,94,0,1.14,light rain
575,Cervo,ES,43.6702,-7.4101,55.0,79,100,8.01,overcast clouds
576,Kondinskoye,RU,59.6481,67.41,14.4,96,100,9.75,overcast clouds
577,Kaseda,JP,31.4167,130.3167,41.0,81,20,1.14,few clouds
578,Demyansk,RU,57.643,32.466,23.29,97,96,7.52,overcast clouds
579,Phalombe,MW,-15.8064,35.6507,67.82,91,100,1.66,overcast clouds
580,Tlapehuala,MX,18.2167,-100.5167,84.99,30,89,1.19,overcast clouds
581,Shostka,UA,51.863,33.4698,26.8,99,100,6.24,light snow
582,Lompoc,US,34.6391,-120.4579,55.0,76,1,4.61,clear sky
583,Lang Son,VN,21.8333,106.7333,63.57,77,35,5.26,scattered clouds
584,Maldonado,UY,-34.6667,-54.9167,68.0,73,75,16.11,moderate rain
585,Sinjar,IQ,36.3209,41.8754,41.95,74,100,10.83,overcast clouds
586,Trebnje,SI,45.9042,15.0217,41.0,89,100,2.77,light rain
587,Senneterre,CA,48.3835,-77.2328,-5.8,84,1,3.44,clear sky
588,Alghero,IT,40.5589,8.3181,55.4,76,75,10.36,broken clouds
589,Cerro Largo,BR,-28.1486,-54.7381,74.61,90,33,5.46,heavy intensity rain
590,Grand-Lahou,CI,5.1367,-5.0242,79.25,88,13,9.53,few clouds
591,Daru,PG,-9.0763,143.2092,80.53,78,100,14.34,overcast clouds
592,Atasu,KZ,48.6814,71.6433,20.79,89,100,10.42,overcast clouds
593,Muisne,EC,0.6,-80.0333,77.59,87,12,2.95,few clouds
594,Marienburg,PL,54.0359,19.0266,26.01,81,31,8.01,scattered clouds
595,Odienne,CI,9.51,-7.5692,72.95,20,0,3.89,clear sky
596,Morondava,MG,-20.2833,44.2833,79.74,80,0,7.36,clear sky
597,Tinskoy,RU,56.1525,96.9161,-40.23,79,22,1.79,few clouds
598,Surt,LY,31.2089,16.5887,64.33,41,0,12.46,clear sky
599,Dunedin,NZ,-45.8742,170.5036,62.01,70,100,23.0,overcast clouds
600,Wladyslawowo,PL,54.7909,18.4009,30.99,74,75,12.66,light snow
601,Kaifeng,CN,34.7911,114.3483,41.0,30,0,6.71,clear sky
602,Shingu,JP,33.7333,135.9833,48.2,66,40,13.8,scattered clouds
603,Havre-Saint-Pierre,CA,50.2334,-63.5986,19.4,73,90,11.5,overcast clouds
604,Talnakh,RU,69.4865,88.3972,-31.2,71,0,6.93,clear sky
605,Baracoa,CU,20.3467,-74.4958,71.44,80,70,13.31,broken clouds
606,Formosa,AR,-26.1775,-58.1781,75.2,88,75,6.91,broken clouds
607,Graham,US,47.0529,-122.2943,51.8,62,90,4.23,overcast clouds
608,Buta,CD,2.7858,24.73,66.54,50,0,1.79,clear sky
609,Cururupu,BR,-1.8283,-44.8683,76.89,88,100,3.15,overcast clouds
610,Lumberton,US,34.6182,-79.0086,44.6,45,90,5.75,overcast clouds
611,West Point,US,33.6076,-88.6503,60.8,63,90,20.71,overcast clouds
612,Zhangye,CN,38.9342,100.4517,18.97,70,0,3.67,clear sky
613,Rajur,IN,20.1167,78.9167,57.13,30,0,5.82,clear sky
614,Kangaatsiaq,GL,68.3065,-53.4641,6.19,95,100,6.44,overcast clouds
615,Baruun-Urt,MN,46.6806,113.2792,5.11,95,100,2.33,light snow
616,Caucaia,BR,-3.7361,-38.6531,81.0,83,0,9.22,clear sky
617,Melfi,IT,40.9965,15.6514,42.8,70,20,13.8,few clouds
618,Noumea,NC,-22.2763,166.4572,81.0,73,90,18.41,overcast clouds
619,Tiarei,PF,-17.5333,-149.3333,84.2,65,75,6.91,light rain
620,Rocha,UY,-34.4833,-54.3333,65.75,91,100,18.12,moderate rain
621,Havelock,US,34.8791,-76.9013,37.0,75,1,8.05,clear sky
622,Jogbani,IN,26.4167,87.25,48.18,59,0,3.42,clear sky
623,Moyale,KE,3.5167,39.0584,67.17,30,0,10.8,clear sky
624,Kemijarvi,FI,66.7131,27.4306,10.83,96,100,3.31,light snow
625,Shimanovsk,RU,52.0,127.7,-24.5,85,99,3.04,overcast clouds
626,Dortyol,TR,36.8616,36.2289,53.01,97,100,1.01,moderate rain
627,Tommot,RU,58.9564,126.2925,-41.4,76,77,0.6,broken clouds
628,Mulchen,CL,-37.7167,-72.2333,59.74,93,97,1.63,overcast clouds
629,Aykhal,RU,66.0,111.5,-33.25,81,100,11.99,overcast clouds
630,Chapleau,CA,47.8405,-83.4034,6.8,72,1,4.61,clear sky
631,Sukhumi,GE,43.0033,41.0153,48.42,50,100,1.95,overcast clouds
632,Polovinnoye,RU,54.7914,65.9864,9.64,95,25,4.97,scattered clouds
633,Severnoye,RU,56.3491,78.3619,-12.15,86,100,10.04,overcast clouds
634,Olafsvik,IS,64.8945,-23.7142,23.16,89,30,16.17,scattered clouds
635,Najran,SA,17.4924,44.1277,59.0,29,0,2.89,clear sky
636,Olinda,BR,-8.0089,-34.8553,78.8,69,20,8.05,few clouds
637,Tambopata,PE,-12.7333,-69.1833,73.69,94,46,2.73,scattered clouds
638,Mayumba,GA,-3.432,10.6554,76.48,85,94,1.95,overcast clouds
639,Arenapolis,BR,-14.4503,-56.8461,75.13,84,100,3.27,overcast clouds
640,Darhan,MN,49.4867,105.9228,-1.68,88,100,9.08,overcast clouds
641,Sandpoint,US,48.2766,-116.5533,36.0,100,90,2.24,overcast clouds
642,Novoagansk,RU,61.9449,76.6625,-17.91,85,100,15.03,overcast clouds
643,Huarmey,PE,-10.0681,-78.1522,71.46,73,72,7.94,broken clouds
644,Yilan,TW,24.757,121.753,69.8,68,20,1.14,few clouds
645,Salalah,OM,17.0151,54.0924,66.2,68,0,3.44,clear sky
646,Gamba,GA,-2.65,10.0,77.25,88,100,1.12,light rain
647,Asosa,ET,10.0667,34.5333,62.65,44,13,6.02,few clouds
648,Svejbaek,DK,56.1325,9.6329,32.0,93,75,6.91,broken clouds
649,Henties Bay,NA,-22.116,14.2845,66.99,85,35,4.0,scattered clouds
650,Berbera,SO,10.4396,45.0143,72.57,79,50,4.5,scattered clouds
651,Sao Gabriel Da Cachoeira,BR,-0.1303,-67.0892,78.51,76,33,1.12,scattered clouds
652,Grand Gaube,MU,-20.0064,57.6608,75.99,85,4,3.0,clear sky
653,San Quintin,MX,30.4833,-115.95,58.86,68,0,10.45,clear sky
654,Qurayyat,SA,31.3318,37.3428,37.4,81,0,8.79,clear sky
655,Alta Floresta,BR,-9.8756,-56.0861,72.64,96,60,2.01,broken clouds
656,Wukari,NG,7.85,9.7833,73.2,21,0,4.0,clear sky
657,Lethem,GY,3.3803,-59.7968,79.88,71,33,12.03,scattered clouds
658,Sakakah,SA,29.9697,40.2064,41.0,56,0,6.91,clear sky
659,Angoram,PG,-4.0625,144.0661,83.62,83,81,3.47,broken clouds
660,Vila Do Maio,CV,15.1333,-23.2167,71.6,64,0,17.27,clear sky
661,Kuching,MY,1.55,110.3333,75.2,100,40,4.61,moderate rain
662,Axim,GH,4.8699,-2.2405,78.93,89,72,6.46,broken clouds
663,Coihaique,CL,-45.5752,-72.0662,60.8,48,0,8.05,clear sky
664,Ascension,US,30.2169,-90.9001,69.8,68,90,12.66,overcast clouds
665,Kingsville,US,27.5159,-97.8561,80.6,78,1,9.22,clear sky
666,Bolshoye Selo,RU,57.7177,38.9334,18.73,97,100,6.76,overcast clouds
667,Jinzhou,CN,41.1078,121.1417,13.95,90,100,2.86,overcast clouds
668,Creston,US,41.0586,-94.3614,32.0,100,90,16.11,light rain
669,Belousovka,KZ,50.1339,82.5239,-7.6,84,40,2.24,fog
670,Innisfail,AU,-17.5333,146.0333,83.25,75,100,9.17,overcast clouds
671,Buala,SB,-8.145,159.5921,85.59,71,100,15.93,overcast clouds
672,Klyuchevskiy,RU,53.5317,119.4519,-29.72,83,0,1.12,clear sky
673,Moose Factory,CA,51.2585,-80.6094,-5.8,84,1,4.61,clear sky
674,Grajau,BR,-5.8194,-46.1386,72.88,93,100,2.59,overcast clouds
675,Vestmanna,FO,62.1564,-7.1664,32.0,69,40,26.46,scattered clouds
676,Duxbury,US,42.0418,-70.6723,19.99,67,1,5.75,clear sky
677,Hamilton,US,39.1834,-84.5333,32.0,93,90,14.97,snow
678,Port-Gentil,GA,-0.7193,8.7815,77.68,82,100,8.41,overcast clouds
679,Kirakira,SB,-10.4544,161.9205,84.02,79,83,13.87,broken clouds
680,Bolitoc,PH,15.7395,119.8769,74.62,57,100,4.47,overcast clouds
681,Bartica,GY,6.4,-58.6167,77.0,100,75,4.61,broken clouds
682,Bundaberg,AU,-24.85,152.35,87.01,51,0,14.97,clear sky
683,Paamiut,GL,61.994,-49.6678,23.92,89,0,15.23,clear sky
684,Meadow Lake,US,34.8014,-106.5436,44.01,36,1,11.5,clear sky
685,Demirci,TR,39.0461,28.6589,33.84,94,70,1.99,broken clouds
686,Kamloops,CA,50.6665,-120.3192,35.6,80,90,10.36,overcast clouds
